"'Gender',"
"'AgeAtTesting',"
"'Stature(w/Shoes)',"
"'Stature(w/oShoes)',"
"'Weight (kg)',"
"'BMI (kg/m^2)',"
"'SHS',"
"'ErectSittingHeight',"
"'EyeHeight',"
"'AcromialHeight',"
"'KneeHeight',"
"'TragionToTopOfHead',"
"'HeadLength',"
"'HeadBreadth',"
"'Shoulder-ElbowLength',"
"'Elbow-HandLength',"
"'HipBreadth',"
"'Buttock-KneeLength',"
"'Buttock-PoplitealLength',"
"'BiacromialBreadth',"
"'ShoulderBreadth',"
"'ChestDepth(Scapula)',"
"'ChestDepth(Spine)',"
"'BiASISBreadth',"
"'ChestCircumference',"
"'WaistCircumference',"
"'HipCircumference',"
'UpperThighCircumference'
